"Label (Grouping)","Barnstable County, Massachusetts!!Total!!Estimate","Barnstable County, Massachusetts!!Percent!!Estimate","Barnstable County, Massachusetts!!Male!!Estimate","Barnstable County, Massachusetts!!Percent Male!!Estimate","Barnstable County, Massachusetts!!Female!!Estimate","Barnstable County, Massachusetts!!Percent Female!!Estimate","Berkshire County, Massachusetts!!Total!!Estimate","Berkshire County, Massachusetts!!Percent!!Estimate","Berkshire County, Massachusetts!!Male!!Estimate","Berkshire County, Massachusetts!!Percent Male!!Estimate","Berkshire County, Massachusetts!!Female!!Estimate","Berkshire County, Massachusetts!!Percent Female!!Estimate","Bristol County, Massachusetts!!Total!!Estimate","Bristol County, Massachusetts!!Percent!!Estimate","Bristol County, Massachusetts!!Male!!Estimate","Bristol County, Massachusetts!!Percent Male!!Estimate","Bristol County, Massachusetts!!Female!!Estimate","Bristol County, Massachusetts!!Percent Female!!Estimate","Dukes County, Massachusetts!!Total!!Estimate","Dukes County, Massachusetts!!Percent!!Estimate","Dukes County, Massachusetts!!Male!!Estimate","Dukes County, Massachusetts!!Percent Male!!Estimate","Dukes County, Massachusetts!!Female!!Estimate","Dukes County, Massachusetts!!Percent Female!!Estimate","Essex County, Massachusetts!!Total!!Estimate","Essex County, Massachusetts!!Percent!!Estimate","Essex County, Massachusetts!!Male!!Estimate","Essex County, Massachusetts!!Percent Male!!Estimate","Essex County, Massachusetts!!Female!!Estimate","Essex County, Massachusetts!!Percent Female!!Estimate","Franklin County, Massachusetts!!Total!!Estimate","Franklin County, Massachusetts!!Percent!!Estimate","Franklin County, Massachusetts!!Male!!Estimate","Franklin County, Massachusetts!!Percent Male!!Estimate","Franklin County, Massachusetts!!Female!!Estimate","Franklin County, Massachusetts!!Percent Female!!Estimate","Hampden County, Massachusetts!!Total!!Estimate","Hampden County, Massachusetts!!Percent!!Estimate","Hampden County, Massachusetts!!Male!!Estimate","Hampden County, Massachusetts!!Percent Male!!Estimate","Hampden County, Massachusetts!!Female!!Estimate","Hampden County, Massachusetts!!Percent Female!!Estimate","Hampshire County, Massachusetts!!Total!!Estimate","Hampshire County, Massachusetts!!Percent!!Estimate","Hampshire County, Massachusetts!!Male!!Estimate","Hampshire County, Massachusetts!!Percent Male!!Estimate","Hampshire County, Massachusetts!!Female!!Estimate","Hampshire County, Massachusetts!!Percent Female!!Estimate","Middlesex County, Massachusetts!!Total!!Estimate","Middlesex County, Massachusetts!!Percent!!Estimate","Middlesex County, Massachusetts!!Male!!Estimate","Middlesex County, Massachusetts!!Percent Male!!Estimate","Middlesex County, Massachusetts!!Female!!Estimate","Middlesex County, Massachusetts!!Percent Female!!Estimate","Nantucket County, Massachusetts!!Total!!Estimate","Nantucket County, Massachusetts!!Percent!!Estimate","Nantucket County, Massachusetts!!Male!!Estimate","Nantucket County, Massachusetts!!Percent Male!!Estimate","Nantucket County, Massachusetts!!Female!!Estimate","Nantucket County, Massachusetts!!Percent Female!!Estimate","Norfolk County, Massachusetts!!Total!!Estimate","Norfolk County, Massachusetts!!Percent!!Estimate","Norfolk County, Massachusetts!!Male!!Estimate","Norfolk County, Massachusetts!!Percent Male!!Estimate","Norfolk County, Massachusetts!!Female!!Estimate","Norfolk County, Massachusetts!!Percent Female!!Estimate","Plymouth County, Massachusetts!!Total!!Estimate","Plymouth County, Massachusetts!!Percent!!Estimate","Plymouth County, Massachusetts!!Male!!Estimate","Plymouth County, Massachusetts!!Percent Male!!Estimate","Plymouth County, Massachusetts!!Female!!Estimate","Plymouth County, Massachusetts!!Percent Female!!Estimate","Suffolk County, Massachusetts!!Total!!Estimate","Suffolk County, Massachusetts!!Percent!!Estimate","Suffolk County, Massachusetts!!Male!!Estimate","Suffolk County, Massachusetts!!Percent Male!!Estimate","Suffolk County, Massachusetts!!Female!!Estimate","Suffolk County, Massachusetts!!Percent Female!!Estimate","Worcester County, Massachusetts!!Total!!Estimate","Worcester County, Massachusetts!!Percent!!Estimate","Worcester County, Massachusetts!!Male!!Estimate","Worcester County, Massachusetts!!Percent Male!!Estimate","Worcester County, Massachusetts!!Female!!Estimate","Worcester County, Massachusetts!!Percent Female!!Estimate"
"Total population","227,942","(X)","110,083","(X)","117,859","(X)","129,089","(X)","62,894","(X)","66,195","(X)","576,070","(X)","280,746","(X)","295,324","(X)","20,277","(X)","10,030","(X)","10,247","(X)","804,598","(X)","389,977","(X)","414,621","(X)","71,085","(X)","34,792","(X)","36,293","(X)","466,265","(X)","226,473","(X)","239,792","(X)","161,810","(X)","75,480","(X)","86,330","(X)","1,623,411","(X)","799,938","(X)","823,473","(X)","13,795","(X)","7,605","(X)","6,190","(X)","720,403","(X)","349,092","(X)","371,311","(X)","527,602","(X)","257,936","(X)","269,666","(X)","792,647","(X)","383,327","(X)","409,320","(X)","856,858","(X)","424,801","(X)","432,057","(X)"
"    AGE","","","","","","","","","","","","","","","","","","","","","","","","","","","","","","","","","","","","","","","","","","","","","","","","","","","","","","","","","","","","","","","","","","","","","","","","","","","","","","","","","","","",""
"        Under 5 years","8,198","3.6%","4,392","4.0%","3,806","3.2%","5,294","4.1%","2,818","4.5%","2,476","3.7%","29,851","5.2%","15,229","5.4%","14,622","5.0%","817","4.0%","364","3.6%","453","4.4%","44,484","5.5%","22,843","5.9%","21,641","5.2%","2,882","4.1%","1,473","4.2%","1,409","3.9%","25,137","5.4%","12,880","5.7%","12,257","5.1%","5,278","3.3%","2,615","3.5%","2,663","3.1%","84,707","5.2%","43,392","5.4%","41,315","5.0%","632","4.6%","323","4.2%","309","5.0%","37,856","5.3%","19,354","5.5%","18,502","5.0%","27,518","5.2%","14,123","5.5%","13,395","5.0%","40,173","5.1%","20,345","5.3%","19,828","4.8%","45,116","5.3%","23,246","5.5%","21,870","5.1%"
"        5 to 9 years","8,908","3.9%","4,457","4.0%","4,451","3.8%","5,714","4.4%","2,908","4.6%","2,806","4.2%","31,285","5.4%","15,439","5.5%","15,846","5.4%","890","4.4%","417","4.2%","473","4.6%","45,089","5.6%","23,488","6.0%","21,601","5.2%","3,285","4.6%","1,586","4.6%","1,699","4.7%","27,826","6.0%","13,142","5.8%","14,684","6.1%","5,928","3.7%","2,927","3.9%","3,001","3.5%","88,996","5.5%","46,327","5.8%","42,669","5.2%","573","4.2%","351","4.6%","222","3.6%","40,118","5.6%","20,395","5.8%","19,723","5.3%","30,900","5.9%","15,958","6.2%","14,942","5.5%","33,527","4.2%","17,397","4.5%","16,130","3.9%","48,798","5.7%","24,924","5.9%","23,874","5.5%"
"        10 to 14 years","10,358","4.5%","5,345","4.9%","5,013","4.3%","6,399","5.0%","3,279","5.2%","3,120","4.7%","36,777","6.4%","19,246","6.9%","17,531","5.9%","1,272","6.3%","670","6.7%","602","5.9%","50,666","6.3%","25,671","6.6%","24,995","6.0%","3,773","5.3%","1,980","5.7%","1,793","4.9%","29,072","6.2%","16,144","7.1%","12,928","5.4%","7,701","4.8%","4,104","5.4%","3,597","4.2%","91,694","5.6%","46,159","5.8%","45,535","5.5%","791","5.7%","481","6.3%","310","5.0%","44,799","6.2%","22,939","6.6%","21,860","5.9%","32,881","6.2%","17,028","6.6%","15,853","5.9%","36,251","4.6%","17,862","4.7%","18,389","4.5%","53,466","6.2%","27,573","6.5%","25,893","6.0%"
"        15 to 19 years","11,148","4.9%","6,038","5.5%","5,110","4.3%","8,265","6.4%","4,093","6.5%","4,172","6.3%","36,789","6.4%","18,674","6.7%","18,115","6.1%","1,128","5.6%","724","7.2%","404","3.9%","53,247","6.6%","26,925","6.9%","26,322","6.3%","3,718","5.2%","1,997","5.7%","1,721","4.7%","32,764","7.0%","16,855","7.4%","15,909","6.6%","19,284","11.9%","8,307","11.0%","10,977","12.7%","103,944","6.4%","52,846","6.6%","51,098","6.2%","906","6.6%","483","6.4%","423","6.8%","46,740","6.5%","23,577","6.8%","23,163","6.2%","34,822","6.6%","17,674","6.9%","17,148","6.4%","55,086","6.9%","26,008","6.8%","29,078","7.1%","58,808","6.9%","30,016","7.1%","28,792","6.7%"
"        20 to 24 years","11,210","4.9%","6,245","5.7%","4,965","4.2%","8,190","6.3%","4,160","6.6%","4,030","6.1%","36,505","6.3%","18,471","6.6%","18,034","6.1%","614","3.0%","342","3.4%","272","2.7%","51,233","6.4%","25,842","6.6%","25,391","6.1%","3,495","4.9%","1,861","5.3%","1,634","4.5%","32,830","7.0%","16,553","7.3%","16,277","6.8%","23,464","14.5%","10,531","14.0%","12,933","15.0%","111,542","6.9%","56,105","7.0%","55,437","6.7%","678","4.9%","514","6.8%","164","2.6%","44,037","6.1%","21,376","6.1%","22,661","6.1%","31,610","6.0%","15,828","6.1%","15,782","5.9%","74,724","9.4%","35,331","9.2%","39,393","9.6%","56,523","6.6%","28,524","6.7%","27,999","6.5%"
"        25 to 29 years","10,629","4.7%","5,598","5.1%","5,031","4.3%","6,880","5.3%","3,451","5.5%","3,429","5.2%","36,677","6.4%","18,348","6.5%","18,329","6.2%","1,302","6.4%","539","5.4%","763","7.4%","49,387","6.1%","24,761","6.3%","24,626","5.9%","3,962","5.6%","1,889","5.4%","2,073","5.7%","31,407","6.7%","15,862","7.0%","15,545","6.5%","8,514","5.3%","4,140","5.5%","4,374","5.1%","123,778","7.6%","63,316","7.9%","60,462","7.3%","946","6.9%","526","6.9%","420","6.8%","44,910","6.2%","22,134","6.3%","22,776","6.1%","28,407","5.4%","14,455","5.6%","13,952","5.2%","97,105","12.3%","47,576","12.4%","49,529","12.1%","54,300","6.3%","27,763","6.5%","26,537","6.1%"
"        30 to 34 years","9,939","4.4%","5,001","4.5%","4,938","4.2%","6,820","5.3%","3,459","5.5%","3,361","5.1%","37,434","6.5%","18,388","6.5%","19,046","6.4%","1,214","6.0%","688","6.9%","526","5.1%","50,515","6.3%","24,738","6.3%","25,777","6.2%","4,271","6.0%","2,178","6.3%","2,093","5.8%","30,456","6.5%","15,041","6.6%","15,415","6.4%","8,111","5.0%","4,096","5.4%","4,015","4.7%","124,501","7.7%","62,852","7.9%","61,649","7.5%","1,044","7.6%","614","8.1%","430","6.9%","47,778","6.6%","23,489","6.7%","24,289","6.5%","29,714","5.6%","14,624","5.7%","15,090","5.6%","84,229","10.6%","42,099","11.0%","42,130","10.3%","56,393","6.6%","28,329","6.7%","28,064","6.5%"
"        35 to 39 years","10,908","4.8%","5,490","5.0%","5,418","4.6%","7,154","5.5%","3,753","6.0%","3,401","5.1%","36,103","6.3%","18,281","6.5%","17,822","6.0%","965","4.8%","445","4.4%","520","5.1%","49,781","6.2%","23,969","6.1%","25,812","6.2%","4,539","6.4%","2,222","6.4%","2,317","6.4%","26,967","5.8%","12,738","5.6%","14,229","5.9%","7,945","4.9%","3,884","5.1%","4,061","4.7%","116,269","7.2%","58,079","7.3%","58,190","7.1%","1,094","7.9%","722","9.5%","372","6.0%","47,198","6.6%","22,966","6.6%","24,232","6.5%","31,919","6.0%","15,837","6.1%","16,082","6.0%","58,863","7.4%","29,996","7.8%","28,867","7.1%","53,303","6.2%","25,960","6.1%","27,343","6.3%"
"        40 to 44 years","9,832","4.3%","4,733","4.3%","5,099","4.3%","6,750","5.2%","3,164","5.0%","3,586","5.4%","35,395","6.1%","16,795","6.0%","18,600","6.3%","1,198","5.9%","585","5.8%","613","6.0%","48,743","6.1%","24,121","6.2%","24,622","5.9%","3,968","5.6%","1,947","5.6%","2,021","5.6%","28,360","6.1%","13,708","6.1%","14,652","6.1%","8,217","5.1%","3,846","5.1%","4,371","5.1%","102,712","6.3%","51,354","6.4%","51,358","6.2%","667","4.8%","365","4.8%","302","4.9%","45,613","6.3%","22,831","6.5%","22,782","6.1%","29,823","5.7%","14,763","5.7%","15,060","5.6%","46,334","5.8%","22,833","6.0%","23,501","5.7%","52,776","6.2%","27,013","6.4%","25,763","6.0%"
"        45 to 49 years","11,502","5.0%","5,418","4.9%","6,084","5.2%","7,364","5.7%","3,602","5.7%","3,762","5.7%","38,444","6.7%","18,774","6.7%","19,670","6.7%","1,085","5.4%","539","5.4%","546","5.3%","51,079","6.3%","24,563","6.3%","26,516","6.4%","4,321","6.1%","2,125","6.1%","2,196","6.1%","28,125","6.0%","13,435","5.9%","14,690","6.1%","8,276","5.1%","3,940","5.2%","4,336","5.0%","104,672","6.4%","51,936","6.5%","52,736","6.4%","864","6.3%","515","6.8%","349","5.6%","47,942","6.7%","23,425","6.7%","24,517","6.6%","34,974","6.6%","17,148","6.6%","17,826","6.6%","43,208","5.5%","21,315","5.6%","21,893","5.3%","57,011","6.7%","28,307","6.7%","28,704","6.6%"
"        50 to 54 years","15,053","6.6%","7,174","6.5%","7,879","6.7%","8,922","6.9%","4,371","6.9%","4,551","6.9%","42,127","7.3%","20,885","7.4%","21,242","7.2%","1,414","7.0%","740","7.4%","674","6.6%","57,437","7.1%","27,667","7.1%","29,770","7.2%","4,938","6.9%","2,474","7.1%","2,464","6.8%","30,616","6.6%","14,714","6.5%","15,902","6.6%","9,454","5.8%","4,467","5.9%","4,987","5.8%","110,805","6.8%","54,701","6.8%","56,104","6.8%","1,430","10.4%","779","10.2%","651","10.5%","51,916","7.2%","25,397","7.3%","26,519","7.1%","39,965","7.6%","19,530","7.6%","20,435","7.6%","43,949","5.5%","21,554","5.6%","22,395","5.5%","62,537","7.3%","31,095","7.3%","31,442","7.3%"
"        55 to 59 years","18,969","8.3%","8,526","7.7%","10,443","8.9%","10,465","8.1%","5,380","8.6%","5,085","7.7%","41,742","7.2%","20,321","7.2%","21,421","7.3%","1,696","8.4%","766","7.6%","930","9.1%","61,837","7.7%","30,331","7.8%","31,506","7.6%","5,612","7.9%","2,710","7.8%","2,902","8.0%","33,278","7.1%","15,951","7.0%","17,327","7.2%","10,295","6.4%","4,621","6.1%","5,674","6.6%","113,097","7.0%","56,804","7.1%","56,293","6.8%","998","7.2%","417","5.5%","581","9.4%","53,440","7.4%","26,029","7.5%","27,411","7.4%","40,926","7.8%","20,379","7.9%","20,547","7.6%","43,282","5.5%","20,991","5.5%","22,291","5.4%","64,247","7.5%","32,347","7.6%","31,900","7.4%"
"        60 to 64 years","21,637","9.5%","10,494","9.5%","11,143","9.5%","10,755","8.3%","4,965","7.9%","5,790","8.7%","40,045","7.0%","19,563","7.0%","20,482","6.9%","1,812","8.9%","992","9.9%","820","8.0%","54,009","6.7%","25,398","6.5%","28,611","6.9%","6,371","9.0%","3,028","8.7%","3,343","9.2%","30,957","6.6%","15,140","6.7%","15,817","6.6%","11,127","6.9%","5,493","7.3%","5,634","6.5%","99,780","6.1%","47,692","6.0%","52,088","6.3%","1,010","7.3%","463","6.1%","547","8.8%","47,810","6.6%","23,222","6.7%","24,588","6.6%","38,402","7.3%","18,122","7.0%","20,280","7.5%","40,420","5.1%","19,449","5.1%","20,971","5.1%","59,369","6.9%","29,323","6.9%","30,046","7.0%"
"        65 to 69 years","21,491","9.4%","10,146","9.2%","11,345","9.6%","9,942","7.7%","4,836","7.7%","5,106","7.7%","31,215","5.4%","14,725","5.2%","16,490","5.6%","1,446","7.1%","611","6.1%","835","8.1%","46,845","5.8%","22,020","5.6%","24,825","6.0%","5,790","8.1%","2,767","8.0%","3,023","8.3%","26,504","5.7%","13,077","5.8%","13,427","5.6%","9,944","6.1%","4,478","5.9%","5,466","6.3%","79,846","4.9%","38,358","4.8%","41,488","5.0%","673","4.9%","355","4.7%","318","5.1%","38,749","5.4%","18,184","5.2%","20,565","5.5%","32,058","6.1%","14,610","5.7%","17,448","6.5%","31,406","4.0%","14,506","3.8%","16,900","4.1%","45,414","5.3%","21,969","5.2%","23,445","5.4%"
"        70 to 74 years","18,997","8.3%","8,568","7.8%","10,429","8.8%","7,495","5.8%","3,484","5.5%","4,011","6.1%","25,664","4.5%","11,848","4.2%","13,816","4.7%","1,640","8.1%","800","8.0%","840","8.2%","34,313","4.3%","15,611","4.0%","18,702","4.5%","4,537","6.4%","2,212","6.4%","2,325","6.4%","19,729","4.2%","8,506","3.8%","11,223","4.7%","7,770","4.8%","3,759","5.0%","4,011","4.6%","64,391","4.0%","28,879","3.6%","35,512","4.3%","696","5.0%","346","4.5%","350","5.7%","30,194","4.2%","13,842","4.0%","16,352","4.4%","25,955","4.9%","12,305","4.8%","13,650","5.1%","24,988","3.2%","10,939","2.9%","14,049","3.4%","35,228","4.1%","16,932","4.0%","18,296","4.2%"
"        75 to 79 years","11,829","5.2%","4,943","4.5%","6,886","5.8%","4,912","3.8%","2,059","3.3%","2,853","4.3%","15,873","2.8%","6,604","2.4%","9,269","3.1%","811","4.0%","405","4.0%","406","4.0%","21,494","2.7%","9,578","2.5%","11,916","2.9%","2,497","3.5%","1,141","3.3%","1,356","3.7%","12,772","2.7%","5,417","2.4%","7,355","3.1%","4,502","2.8%","2,091","2.8%","2,411","2.8%","40,811","2.5%","17,589","2.2%","23,222","2.8%","294","2.1%","112","1.5%","182","2.9%","19,498","2.7%","8,310","2.4%","11,188","3.0%","16,950","3.2%","7,796","3.0%","9,154","3.4%","15,592","2.0%","6,951","1.8%","8,641","2.1%","21,316","2.5%","9,449","2.2%","11,867","2.7%"
"        80 to 84 years","7,618","3.3%","3,356","3.0%","4,262","3.6%","3,440","2.7%","1,560","2.5%","1,880","2.8%","10,553","1.8%","4,361","1.6%","6,192","2.1%","364","1.8%","193","1.9%","171","1.7%","14,659","1.8%","6,080","1.6%","8,579","2.1%","1,416","2.0%","671","1.9%","745","2.1%","8,052","1.7%","3,601","1.6%","4,451","1.9%","2,804","1.7%","1,291","1.7%","1,513","1.8%","27,576","1.7%","11,731","1.5%","15,845","1.9%","236","1.7%","156","2.1%","80","1.3%","14,007","1.9%","5,927","1.7%","8,080","2.2%","9,293","1.8%","3,823","1.5%","5,470","2.0%","9,990","1.3%","3,715","1.0%","6,275","1.5%","15,125","1.8%","5,930","1.4%","9,195","2.1%"
"        85 years and over","9,716","4.3%","4,159","3.8%","5,557","4.7%","4,328","3.4%","1,552","2.5%","2,776","4.2%","13,591","2.4%","4,794","1.7%","8,797","3.0%","609","3.0%","210","2.1%","399","3.9%","19,780","2.5%","6,371","1.6%","13,409","3.2%","1,710","2.4%","531","1.5%","1,179","3.2%","11,413","2.4%","3,709","1.6%","7,704","3.2%","3,196","2.0%","890","1.2%","2,306","2.7%","34,290","2.1%","11,818","1.5%","22,472","2.7%","263","1.9%","83","1.1%","180","2.9%","17,798","2.5%","5,695","1.6%","12,103","3.3%","11,485","2.2%","3,933","1.5%","7,552","2.8%","13,520","1.7%","4,460","1.2%","9,060","2.2%","17,128","2.0%","6,101","1.4%","11,027","2.6%"
"    SELECTED AGE CATEGORIES","","","","","","","","","","","","","","","","","","","","","","","","","","","","","","","","","","","","","","","","","","","","","","","","","","","","","","","","","","","","","","","","","","","","","","","","","","","","","","","","","","","",""
"        5 to 14 years","19,266","8.5%","9,802","8.9%","9,464","8.0%","12,113","9.4%","6,187","9.8%","5,926","9.0%","68,062","11.8%","34,685","12.4%","33,377","11.3%","2,162","10.7%","1,087","10.8%","1,075","10.5%","95,755","11.9%","49,159","12.6%","46,596","11.2%","7,058","9.9%","3,566","10.2%","3,492","9.6%","56,898","12.2%","29,286","12.9%","27,612","11.5%","13,629","8.4%","7,031","9.3%","6,598","7.6%","180,690","11.1%","92,486","11.6%","88,204","10.7%","1,364","9.9%","832","10.9%","532","8.6%","84,917","11.8%","43,334","12.4%","41,583","11.2%","63,781","12.1%","32,986","12.8%","30,795","11.4%","69,778","8.8%","35,259","9.2%","34,519","8.4%","102,264","11.9%","52,497","12.4%","49,767","11.5%"
"        15 to 17 years","6,765","3.0%","3,569","3.2%","3,196","2.7%","4,403","3.4%","2,212","3.5%","2,191","3.3%","22,003","3.8%","11,187","4.0%","10,816","3.7%","659","3.2%","389","3.9%","270","2.6%","31,517","3.9%","16,080","4.1%","15,437","3.7%","2,386","3.4%","1,286","3.7%","1,100","3.0%","18,670","4.0%","9,622","4.2%","9,048","3.8%","4,838","3.0%","2,424","3.2%","2,414","2.8%","57,057","3.5%","29,170","3.6%","27,887","3.4%","654","4.7%","412","5.4%","242","3.9%","28,287","3.9%","14,523","4.2%","13,764","3.7%","21,768","4.1%","11,123","4.3%","10,645","3.9%","21,350","2.7%","10,723","2.8%","10,627","2.6%","33,687","3.9%","17,204","4.0%","16,483","3.8%"
"        Under 18 years","34,229","15.0%","17,763","16.1%","16,466","14.0%","21,810","16.9%","11,217","17.8%","10,593","16.0%","119,916","20.8%","61,101","21.8%","58,815","19.9%","3,638","17.9%","1,840","18.3%","1,798","17.5%","171,756","21.3%","88,082","22.6%","83,674","20.2%","12,326","17.3%","6,325","18.2%","6,001","16.5%","100,705","21.6%","51,788","22.9%","48,917","20.4%","23,745","14.7%","12,070","16.0%","11,675","13.5%","322,454","19.9%","165,048","20.6%","157,406","19.1%","2,650","19.2%","1,567","20.6%","1,083","17.5%","151,060","21.0%","77,211","22.1%","73,849","19.9%","113,067","21.4%","58,232","22.6%","54,835","20.3%","131,301","16.6%","66,327","17.3%","64,974","15.9%","181,067","21.1%","92,947","21.9%","88,120","20.4%"
"        18 to 24 years","15,593","6.8%","8,714","7.9%","6,879","5.8%","12,052","9.3%","6,041","9.6%","6,011","9.1%","51,291","8.9%","25,958","9.2%","25,333","8.6%","1,083","5.3%","677","6.7%","406","4.0%","72,963","9.1%","36,687","9.4%","36,276","8.7%","4,827","6.8%","2,572","7.4%","2,255","6.2%","46,924","10.1%","23,786","10.5%","23,138","9.6%","37,910","23.4%","16,414","21.7%","21,496","24.9%","158,429","9.8%","79,781","10.0%","78,648","9.6%","930","6.7%","585","7.7%","345","5.6%","62,490","8.7%","30,430","8.7%","32,060","8.6%","44,664","8.5%","22,379","8.7%","22,285","8.3%","108,460","13.7%","50,616","13.2%","57,844","14.1%","81,644","9.5%","41,336","9.7%","40,308","9.3%"
"        15 to 44 years","63,666","27.9%","33,105","30.1%","30,561","25.9%","44,059","34.1%","22,080","35.1%","21,979","33.2%","218,903","38.0%","108,957","38.8%","109,946","37.2%","6,421","31.7%","3,323","33.1%","3,098","30.2%","302,906","37.6%","150,356","38.6%","152,550","36.8%","23,953","33.7%","12,094","34.8%","11,859","32.7%","182,784","39.2%","90,757","40.1%","92,027","38.4%","75,535","46.7%","34,804","46.1%","40,731","47.2%","682,746","42.1%","344,552","43.1%","338,194","41.1%","5,335","38.7%","3,224","42.4%","2,111","34.1%","276,276","38.4%","136,373","39.1%","139,903","37.7%","186,295","35.3%","93,181","36.1%","93,114","34.5%","416,341","52.5%","203,843","53.2%","212,498","51.9%","332,103","38.8%","167,605","39.5%","164,498","38.1%"
"        16 years and over","198,473","87.1%","94,686","86.0%","103,787","88.1%","109,996","85.2%","53,027","84.3%","56,969","86.1%","470,837","81.7%","226,628","80.7%","244,209","82.7%","17,127","84.5%","8,508","84.8%","8,619","84.1%","654,596","81.4%","313,094","80.3%","341,502","82.4%","60,472","85.1%","29,332","84.3%","31,140","85.8%","378,086","81.1%","180,872","79.9%","197,214","82.2%","141,357","87.4%","64,945","86.0%","76,412","88.5%","1,339,448","82.5%","654,940","81.9%","684,508","83.1%","11,574","83.9%","6,263","82.4%","5,311","85.8%","588,539","81.7%","281,738","80.7%","306,801","82.6%","429,459","81.4%","207,633","80.5%","221,826","82.3%","675,011","85.2%","324,122","84.6%","350,889","85.7%","698,931","81.6%","343,332","80.8%","355,599","82.3%"
"        18 years and over","193,713","85.0%","92,320","83.9%","101,393","86.0%","107,279","83.1%","51,677","82.2%","55,602","84.0%","456,154","79.2%","219,645","78.2%","236,509","80.1%","16,639","82.1%","8,190","81.7%","8,449","82.5%","632,842","78.7%","301,895","77.4%","330,947","79.8%","58,759","82.7%","28,467","81.8%","30,292","83.5%","365,560","78.4%","174,685","77.1%","190,875","79.6%","138,065","85.3%","63,410","84.0%","74,655","86.5%","1,300,957","80.1%","634,890","79.4%","666,067","80.9%","11,145","80.8%","6,038","79.4%","5,107","82.5%","569,343","79.0%","271,881","77.9%","297,462","80.1%","414,535","78.6%","199,704","77.4%","214,831","79.7%","661,346","83.4%","317,000","82.7%","344,346","84.1%","675,791","78.9%","331,854","78.1%","343,937","79.6%"
"        21 years and over","187,380","82.2%","88,694","80.6%","98,686","83.7%","101,373","78.5%","48,724","77.5%","52,649","79.5%","434,359","75.4%","208,335","74.2%","226,024","76.5%","16,083","79.3%","7,771","77.5%","8,312","81.1%","601,233","74.7%","286,117","73.4%","315,116","76.0%","56,899","80.0%","27,489","79.0%","29,410","81.0%","343,746","73.7%","163,668","72.3%","180,078","75.1%","116,359","71.9%","54,563","72.3%","61,796","71.6%","1,233,871","76.0%","600,430","75.1%","633,441","76.9%","10,841","78.6%","5,918","77.8%","4,923","79.5%","542,837","75.4%","258,972","74.2%","283,865","76.4%","395,330","74.9%","190,353","73.8%","204,977","76.0%","610,866","77.1%","294,329","76.8%","316,537","77.3%","637,651","74.4%","312,083","73.5%","325,568","75.4%"
"        60 years and over","91,288","40.0%","41,666","37.8%","49,622","42.1%","40,872","31.7%","18,456","29.3%","22,416","33.9%","136,941","23.8%","61,895","22.0%","75,046","25.4%","6,682","33.0%","3,211","32.0%","3,471","33.9%","191,100","23.8%","85,058","21.8%","106,042","25.6%","22,321","31.4%","10,350","29.7%","11,971","33.0%","109,427","23.5%","49,450","21.8%","59,977","25.0%","39,343","24.3%","18,002","23.9%","21,341","24.7%","346,694","21.4%","156,067","19.5%","190,627","23.1%","3,172","23.0%","1,515","19.9%","1,657","26.8%","168,056","23.3%","75,180","21.5%","92,876","25.0%","134,143","25.4%","60,589","23.5%","73,554","27.3%","135,916","17.1%","60,020","15.7%","75,896","18.5%","193,580","22.6%","89,704","21.1%","103,876","24.0%"
"        62 years and over","82,569","36.2%","37,550","34.1%","45,019","38.2%","36,774","28.5%","16,496","26.2%","20,278","30.6%","120,700","21.0%","53,755","19.1%","66,945","22.7%","5,772","28.5%","2,675","26.7%","3,097","30.2%","168,139","20.9%","73,794","18.9%","94,345","22.8%","19,890","28.0%","9,068","26.1%","10,822","29.8%","97,263","20.9%","43,410","19.2%","53,853","22.5%","34,637","21.4%","15,677","20.8%","18,960","22.0%","305,552","18.8%","136,197","17.0%","169,355","20.6%","2,753","20.0%","1,355","17.8%","1,398","22.6%","148,235","20.6%","65,545","18.8%","82,690","22.3%","118,675","22.5%","53,124","20.6%","65,551","24.3%","119,132","15.0%","51,450","13.4%","67,682","16.5%","170,327","19.9%","78,042","18.4%","92,285","21.4%"
"        65 years and over","69,651","30.6%","31,172","28.3%","38,479","32.6%","30,117","23.3%","13,491","21.5%","16,626","25.1%","96,896","16.8%","42,332","15.1%","54,564","18.5%","4,870","24.0%","2,219","22.1%","2,651","25.9%","137,091","17.0%","59,660","15.3%","77,431","18.7%","15,950","22.4%","7,322","21.0%","8,628","23.8%","78,470","16.8%","34,310","15.1%","44,160","18.4%","28,216","17.4%","12,509","16.6%","15,707","18.2%","246,914","15.2%","108,375","13.5%","138,539","16.8%","2,162","15.7%","1,052","13.8%","1,110","17.9%","120,246","16.7%","51,958","14.9%","68,288","18.4%","95,741","18.1%","42,467","16.5%","53,274","19.8%","95,496","12.0%","40,571","10.6%","54,925","13.4%","134,211","15.7%","60,381","14.2%","73,830","17.1%"
"        75 years and over","29,163","12.8%","12,458","11.3%","16,705","14.2%","12,680","9.8%","5,171","8.2%","7,509","11.3%","40,017","6.9%","15,759","5.6%","24,258","8.2%","1,784","8.8%","808","8.1%","976","9.5%","55,933","7.0%","22,029","5.6%","33,904","8.2%","5,623","7.9%","2,343","6.7%","3,280","9.0%","32,237","6.9%","12,727","5.6%","19,510","8.1%","10,502","6.5%","4,272","5.7%","6,230","7.2%","102,677","6.3%","41,138","5.1%","61,539","7.5%","793","5.7%","351","4.6%","442","7.1%","51,303","7.1%","19,932","5.7%","31,371","8.4%","37,728","7.2%","15,552","6.0%","22,176","8.2%","39,102","4.9%","15,126","3.9%","23,976","5.9%","53,569","6.3%","21,480","5.1%","32,089","7.4%"
"    SUMMARY INDICATORS","","","","","","","","","","","","","","","","","","","","","","","","","","","","","","","","","","","","","","","","","","","","","","","","","","","","","","","","","","","","","","","","","","","","","","","","","","","","","","","","","","","",""
"        Median age (years)","53.9","(X)","51.5","(X)","55.5","(X)","47.1","(X)","45.5","(X)","48.7","(X)","40.9","(X)","39.5","(X)","42.4","(X)","47.9","(X)","46.2","(X)","49.8","(X)","40.8","(X)","39.2","(X)","42.1","(X)","47.2","(X)","45.7","(X)","48.3","(X)","39.4","(X)","37.8","(X)","40.9","(X)","36.7","(X)","36.2","(X)","37.1","(X)","38.5","(X)","37.4","(X)","39.6","(X)","41.9","(X)","37.9","(X)","46.8","(X)","40.7","(X)","39.6","(X)","41.9","(X)","42.6","(X)","41.1","(X)","44.3","(X)","33.3","(X)","32.9","(X)","33.6","(X)","40.2","(X)","39.3","(X)","41.0","(X)"
"        Sex ratio (males per 100 females)","93.4","(X)","(X)","(X)","(X)","(X)","95.0","(X)","(X)","(X)","(X)","(X)","95.1","(X)","(X)","(X)","(X)","(X)","97.9","(X)","(X)","(X)","(X)","(X)","94.1","(X)","(X)","(X)","(X)","(X)","95.9","(X)","(X)","(X)","(X)","(X)","94.4","(X)","(X)","(X)","(X)","(X)","87.4","(X)","(X)","(X)","(X)","(X)","97.1","(X)","(X)","(X)","(X)","(X)","122.9","(X)","(X)","(X)","(X)","(X)","94.0","(X)","(X)","(X)","(X)","(X)","95.7","(X)","(X)","(X)","(X)","(X)","93.6","(X)","(X)","(X)","(X)","(X)","98.3","(X)","(X)","(X)","(X)","(X)"
"        Age dependency ratio","83.7","(X)","(X)","(X)","(X)","(X)","67.3","(X)","(X)","(X)","(X)","(X)","60.3","(X)","(X)","(X)","(X)","(X)","72.3","(X)","(X)","(X)","(X)","(X)","62.3","(X)","(X)","(X)","(X)","(X)","66.1","(X)","(X)","(X)","(X)","(X)","62.4","(X)","(X)","(X)","(X)","(X)","47.3","(X)","(X)","(X)","(X)","(X)","54.0","(X)","(X)","(X)","(X)","(X)","53.6","(X)","(X)","(X)","(X)","(X)","60.4","(X)","(X)","(X)","(X)","(X)","65.5","(X)","(X)","(X)","(X)","(X)","40.1","(X)","(X)","(X)","(X)","(X)","58.2","(X)","(X)","(X)","(X)","(X)"
"        Old-age dependency ratio","56.1","(X)","(X)","(X)","(X)","(X)","39.0","(X)","(X)","(X)","(X)","(X)","27.0","(X)","(X)","(X)","(X)","(X)","41.4","(X)","(X)","(X)","(X)","(X)","27.7","(X)","(X)","(X)","(X)","(X)","37.3","(X)","(X)","(X)","(X)","(X)","27.3","(X)","(X)","(X)","(X)","(X)","25.7","(X)","(X)","(X)","(X)","(X)","23.4","(X)","(X)","(X)","(X)","(X)","24.1","(X)","(X)","(X)","(X)","(X)","26.8","(X)","(X)","(X)","(X)","(X)","30.0","(X)","(X)","(X)","(X)","(X)","16.9","(X)","(X)","(X)","(X)","(X)","24.8","(X)","(X)","(X)","(X)","(X)"
"        Child dependency ratio","27.6","(X)","(X)","(X)","(X)","(X)","28.3","(X)","(X)","(X)","(X)","(X)","33.4","(X)","(X)","(X)","(X)","(X)","30.9","(X)","(X)","(X)","(X)","(X)","34.6","(X)","(X)","(X)","(X)","(X)","28.8","(X)","(X)","(X)","(X)","(X)","35.1","(X)","(X)","(X)","(X)","(X)","21.6","(X)","(X)","(X)","(X)","(X)","30.6","(X)","(X)","(X)","(X)","(X)","29.5","(X)","(X)","(X)","(X)","(X)","33.6","(X)","(X)","(X)","(X)","(X)","35.5","(X)","(X)","(X)","(X)","(X)","23.2","(X)","(X)","(X)","(X)","(X)","33.4","(X)","(X)","(X)","(X)","(X)"
"    PERCENT ALLOCATED","","","","","","","","","","","","","","","","","","","","","","","","","","","","","","","","","","","","","","","","","","","","","","","","","","","","","","","","","","","","","","","","","","","","","","","","","","","","","","","","","","","",""
"        Sex","(X)","0.1%","(X)","(X)","(X)","(X)","(X)","0.2%","(X)","(X)","(X)","(X)","(X)","0.0%","(X)","(X)","(X)","(X)","(X)","1.4%","(X)","(X)","(X)","(X)","(X)","0.1%","(X)","(X)","(X)","(X)","(X)","0.1%","(X)","(X)","(X)","(X)","(X)","0.1%","(X)","(X)","(X)","(X)","(X)","0.1%","(X)","(X)","(X)","(X)","(X)","0.0%","(X)","(X)","(X)","(X)","(X)","0.0%","(X)","(X)","(X)","(X)","(X)","0.0%","(X)","(X)","(X)","(X)","(X)","0.1%","(X)","(X)","(X)","(X)","(X)","0.1%","(X)","(X)","(X)","(X)","(X)","0.1%","(X)","(X)","(X)","(X)"
"        Age","(X)","1.2%","(X)","(X)","(X)","(X)","(X)","0.9%","(X)","(X)","(X)","(X)","(X)","1.8%","(X)","(X)","(X)","(X)","(X)","5.3%","(X)","(X)","(X)","(X)","(X)","1.5%","(X)","(X)","(X)","(X)","(X)","1.0%","(X)","(X)","(X)","(X)","(X)","1.6%","(X)","(X)","(X)","(X)","(X)","1.4%","(X)","(X)","(X)","(X)","(X)","1.3%","(X)","(X)","(X)","(X)","(X)","3.6%","(X)","(X)","(X)","(X)","(X)","1.2%","(X)","(X)","(X)","(X)","(X)","1.3%","(X)","(X)","(X)","(X)","(X)","2.2%","(X)","(X)","(X)","(X)","(X)","1.2%","(X)","(X)","(X)","(X)"