City/Town,County,Zip Code
Agawam,Hampden,01001
Amherst,Hampshire,01002
Amherst,Hampshire,01003
Amherst,Hampshire,01004
Barre,Worcester,01005
Belchertown,Hampshire,01007
Blandford,Hampden,01008
Bondsville,Hampden,01009
Brimfield,Hampden,01010
Chester,Hampden,01011
Chesterfield,Hampshire,01012
Chicopee,Hampden,01013
Chicopee,Hampden,01014
Chicopee,Hampden,01020
Chicopee,Hampden,01021
Chicopee,Hampden,01022
Cummington,Hampshire,01026
Easthampton,Hampshire,01027
East Longmeadow,Hampden,01028
East Otis,Berkshire,01029
Feeding Hills,Hampden,01030
Gilbertville,Worcester,01031
Goshen,Hampshire,01032
Granby,Hampshire,01033
Granville,Hampden,01034
Hadley,Hampshire,01035
Hampden,Hampden,01036
Hardwick,Worcester,01037
Hatfield,Hampshire,01038
Haydenville,Hampshire,01039
Holyoke,Hampden,01040
Holyoke,Hampden,01041
Huntington,Hampshire,01050
Leeds,Hampshire,01053
Leverett,Franklin,01054
Ludlow,Hampden,01056
Monson,Hampden,01057
North Amherst,Hampshire,01059
Northampton,Hampshire,01060
Northampton,Hampshire,01061
Florence,Hampshire,01062
Northampton,Hampshire,01062
Northampton,Hampshire,01063
North Hatfield,Hampshire,01066
Oakham,Worcester,01068
Palmer,Hampden,01069
Plainfield,Hampshire,01070
Russell,Hampden,01071
Shutesbury,Franklin,01072
Southampton,Hampshire,01073
South Barre,Worcester,01074
South Hadley,Hampshire,01075
Southwick,Hampden,01077
Thorndike,Hampden,01079
Three Rivers,Hampden,01080
Wales,Hampden,01081
Ware,Hampshire,01082
Warren,Worcester,01083
West Chesterfield,Hampshire,01084
Westfield,Hampden,01085
Westfield,Hampden,01086
West Hatfield,Hampshire,01088
West Springfield,Hampden,01089
West Springfield,Hampden,01090
West Warren,Worcester,01092
Whately,Franklin,01093
Wheelwright,Worcester,01094
Wilbraham,Hampden,01095
Williamsburg,Hampshire,01096
Woronoco,Hampden,01097
Worthington,Hampshire,01098
Springfield,Hampden,01101
Springfield,Hampden,01102
Springfield,Hampden,01103
Springfield,Hampden,01104
Springfield,Hampden,01105
Longmeadow,Hampden,01106
Springfield,Hampden,01107
Springfield,Hampden,01108
Springfield,Hampden,01109
Springfield,Hampden,01111
Springfield,Hampden,01115
Longmeadow,Hampden,01116
Springfield,Hampden,01118
Springfield,Hampden,01119
Springfield,Hampden,01128
Springfield,Hampden,01129
Springfield,Hampden,01138
Springfield,Hampden,01139
Springfield,Hampden,01144
Indian Orchard,Hampden,01151
Springfield,Hampden,01152
Springfield,Hampden,01199
Pittsfield,Berkshire,01201
Pittsfield,Berkshire,01202
Pittsfield,Berkshire,01203
Adams,Berkshire,01220
Ashley Falls,Berkshire,01222
Becket,Berkshire,01223
Berkshire,Berkshire,01224
Cheshire,Berkshire,01225
Dalton,Berkshire,01226
Dalton,Berkshire,01227
Glendale,Berkshire,01229
Great Barrington,Berkshire,01230
Hinsdale,Berkshire,01235
Housatonic,Berkshire,01236
Lanesborough,Berkshire,01237
Lee,Berkshire,01238
Lenox,Berkshire,01240
Lenox Dale,Berkshire,01242
Middlefield,Hampshire,01243
Mill River,Berkshire,01244
Monterey,Berkshire,01245
North Adams,Berkshire,01247
North Egremont,Berkshire,01252
Otis,Berkshire,01253
Richmond,Berkshire,01254
Sandisfield,Berkshire,01255
Savoy,Berkshire,01256
Sheffield,Berkshire,01257
South Egremont,Berkshire,01258
Southfield,Berkshire,01259
South Lee,Berkshire,01260
Stockbridge,Berkshire,01262
Stockbridge,Berkshire,01263
Tyringham,Berkshire,01264
West Stockbridge,Berkshire,01266
Williamstown,Berkshire,01267
Windsor,Berkshire,01270
Greenfield,Franklin,01301
Greenfield,Franklin,01302
Ashfield,Franklin,01330
Athol,Worcester,01331
Bernardston,Franklin,01337
Buckland,Franklin,01338
Charlemont,Franklin,01339
Colrain,Franklin,01340
Conway,Franklin,01341
Deerfield,Franklin,01342
Drury,Berkshire,01343
Erving,Franklin,01344
Heath,Franklin,01346
Lake Pleasant,Franklin,01347
Millers Falls,Franklin,01349
Monroe Bridge,Franklin,01350
Montague,Franklin,01351
Gill,Franklin,01354
New Salem,Franklin,01355
Northfield,Franklin,01360
Orange,Franklin,01364
Petersham,Worcester,01366
Rowe,Franklin,01367
Royalston,Worcester,01368
Shelburne Falls,Franklin,01370
South Deerfield,Franklin,01373
Sunderland,Franklin,01375
Turners Falls,Franklin,01376
Warwick,Franklin,01378
Wendell,Franklin,01379
Wendell Depot,Franklin,01380
Fitchburg,Worcester,01420
Ashburnham,Worcester,01430
Ashby,Middlesex,01431
Ayer,Middlesex,01432
Devens,Middlesex,01434
Baldwinville,Worcester,01436
East Templeton,Worcester,01438
Gardner,Worcester,01440
Westminster,Worcester,01441
Groton,Middlesex,01450
Harvard,Worcester,01451
Hubbardston,Worcester,01452
Leominster,Worcester,01453
Littleton,Middlesex,01460
Lunenburg,Worcester,01462
Pepperell,Middlesex,01463
Shirley,Middlesex,01464
Still River,Worcester,01467
Templeton,Worcester,01468
Townsend,Middlesex,01469
Groton,Middlesex,01470
Groton,Middlesex,01471
West Groton,Middlesex,01472
Westminster,Worcester,01473
West Townsend,Middlesex,01474
Winchendon,Worcester,01475
Auburn,Worcester,01501
Berlin,Worcester,01503
Blackstone,Worcester,01504
Boylston,Worcester,01505
Brookfield,Worcester,01506
Charlton,Worcester,01507
Charlton City,Worcester,01508
Charlton Depot,Worcester,01509
Clinton,Worcester,01510
East Brookfield,Worcester,01515
Douglas,Worcester,01516
Fiskdale,Worcester,01518
Grafton,Worcester,01519
Holden,Worcester,01520
Holland,Hampden,01521
Jefferson,Worcester,01522
Lancaster,Worcester,01523
Leicester,Worcester,01524
Linwood,Worcester,01525
Manchaug,Worcester,01526
Millbury,Worcester,01527
Millville,Worcester,01529
New Braintree,Worcester,01531
Northborough,Worcester,01532
Northbridge,Worcester,01534
North Brookfield,Worcester,01535
North Grafton,Worcester,01536
North Oxford,Worcester,01537
North Uxbridge,Worcester,01538
Oxford,Worcester,01540
Princeton,Worcester,01541
Rochdale,Worcester,01542
Rutland,Worcester,01543
Shrewsbury,Worcester,01545
Shrewsbury,Worcester,01546
Southbridge,Worcester,01550
South Grafton,Worcester,01560
South Lancaster,Worcester,01561
Spencer,Worcester,01562
Sterling,Worcester,01564
Sturbridge,Worcester,01566
Upton,Worcester,01568
Uxbridge,Worcester,01569
Webster,Worcester,01570
Dudley,Worcester,01571
Westborough,Worcester,01581
West Boylston,Worcester,01583
West Brookfield,Worcester,01585
West Millbury,Worcester,01586
Whitinsville,Worcester,01588
Sutton,Worcester,01590
Worcester,Worcester,01601
Worcester,Worcester,01602
Worcester,Worcester,01603
Worcester,Worcester,01604
Worcester,Worcester,01605
Worcester,Worcester,01606
Worcester,Worcester,01607
Worcester,Worcester,01608
Worcester,Worcester,01609
Worcester,Worcester,01610
Cherry Valley,Worcester,01611
Paxton,Worcester,01612
Worcester,Worcester,01613
Worcester,Worcester,01614
Worcester,Worcester,01615
Worcester,Worcester,01653
Worcester,Worcester,01655
Framingham,Middlesex,01701
Framingham,Middlesex,01702
Framingham,Middlesex,01703
Framingham,Middlesex,01704
Framingham,Middlesex,01705
Acton,Middlesex,01718
Boxborough,Middlesex,01719
Acton,Middlesex,01720
Ashland,Middlesex,01721
Bedford,Middlesex,01730
Hanscom AFB,Middlesex,01731
Bolton,Worcester,01740
Carlisle,Middlesex,01741
Concord,Middlesex,01742
Fayville,Worcester,01745
Holliston,Middlesex,01746
Hopedale,Worcester,01747
Hopkinton,Middlesex,01748
Hudson,Middlesex,01749
Marlborough,Middlesex,01752
Maynard,Middlesex,01754
Mendon,Worcester,01756
Milford,Worcester,01757
Natick,Middlesex,01760
Sherborn,Middlesex,01770
Southborough,Worcester,01772
Lincoln,Middlesex,01773
Stow,Middlesex,01775
Sudbury,Middlesex,01776
Wayland,Middlesex,01778
Woodville,Middlesex,01784
Woburn,Middlesex,01801
Burlington,Middlesex,01803
Burlington,Middlesex,01805
Andover,Essex,01810
Andover,Essex,01812
Woburn,Middlesex,01813
Woburn,Middlesex,01815
Billerica,Middlesex,01821
Billerica,Middlesex,01822
Chelmsford,Middlesex,01824
Dracut,Middlesex,01826
Dunstable,Middlesex,01827
Haverhill,Essex,01830
Haverhill,Essex,01831
Haverhill,Essex,01832
Georgetown,Essex,01833
Groveland,Essex,01834
Haverhill,Essex,01835
Lawrence,Essex,01840
Lawrence,Essex,01841
Lawrence,Essex,01842
Lawrence,Essex,01843
Methuen,Essex,01844
North Andover,Essex,01845
Lowell,Middlesex,01850
Lowell,Middlesex,01851
Lowell,Middlesex,01852
Lowell,Middlesex,01853
Lowell,Middlesex,01854
Merrimac,Essex,01860
North Billerica,Middlesex,01862
North Chelmsford,Middlesex,01863
North Reading,Middlesex,01864
Nutting Lake,Middlesex,01865
Pinehurst,Middlesex,01866
Reading,Middlesex,01867
Tewksbury,Middlesex,01876
Tyngsboro,Middlesex,01879
Wakefield,Middlesex,01880
West Boxford,Essex,01885
Westford,Middlesex,01886
Wilmington,Middlesex,01887
Woburn,Middlesex,01888
North Reading,Middlesex,01889
Winchester,Middlesex,01890
Andover,Essex,01899
Lynn,Essex,01901
Lynn,Essex,01902
Lynn,Essex,01903
Lynn,Essex,01904
Lynn,Essex,01905
Saugus,Essex,01906
Swampscott,Essex,01907
Nahant,Essex,01908
Lynn,Essex,01910
Amesbury,Essex,01913
Beverly,Essex,01915
Boxford,Essex,01921
Byfield,Essex,01922
Danvers,Essex,01923
Essex,Essex,01929
Gloucester,Essex,01930
Gloucester,Essex,01931
Hamilton,Essex,01936
Hathorne,Essex,01937
Ipswich,Essex,01938
Lynnfield,Essex,01940
Manchester,Essex,01944
Marblehead,Essex,01945
Middleton,Essex,01949
Newburyport,Essex,01950
Newbury,Essex,01951
Salisbury,Essex,01952
Peabody,Essex,01960
Peabody,Essex,01961
Prides Crossing,Essex,01965
Rockport,Essex,01966
Rowley,Essex,01969
Salem,Essex,01970
Salem,Essex,01971
South Hamilton,Essex,01982
Topsfield,Essex,01983
Wenham,Essex,01984
West Newbury,Essex,01985
Accord,Plymouth,02018
Bellingham,Norfolk,02019
Brant Rock,Plymouth,02020
Canton,Norfolk,02021
Cohasset,Norfolk,02025
Dedham,Norfolk,02026
Dedham,Norfolk,02027
Dover,Norfolk,02030
East Walpole,Norfolk,02032
Foxboro,Norfolk,02035
Franklin,Norfolk,02038
Greenbush,Plymouth,02040
Green Harbor,Plymouth,02041
Hingham,Plymouth,02043
Hingham,Plymouth,02044
Hull,Plymouth,02045
Humarock,Plymouth,02047
Mansfield,Bristol,02048
Marshfield,Plymouth,02050
Marshfield Hills,Plymouth,02051
Medfield,Norfolk,02052
Medway,Norfolk,02053
Millis,Norfolk,02054
Minot,Plymouth,02055
Norfolk,Norfolk,02056
North Marshfield,Plymouth,02059
North Scituate,Plymouth,02060
Norwell,Plymouth,02061
Norwood,Norfolk,02062
Ocean Bluff,Plymouth,02065
Scituate,Plymouth,02066
Sharon,Norfolk,02067
Sheldonville,Norfolk,02070
South Walpole,Norfolk,02071
Stoughton,Norfolk,02072
Walpole,Norfolk,02081
Westwood,Norfolk,02090
Wrentham,Norfolk,02093
Boston,Suffolk,02108
Boston,Suffolk,02109
Boston,Suffolk,02110
Boston,Suffolk,02111
Boston,Suffolk,02112
Boston,Suffolk,02113
Boston,Suffolk,02114
Boston,Suffolk,02115
Boston,Suffolk,02116
Boston,Suffolk,02117
Boston,Suffolk,02118
Roxbury,Suffolk,02119
Roxbury Crossing,Suffolk,02120
Dorchester,Suffolk,02121
Dorchester,Suffolk,02122
Boston,Suffolk,02123
Dorchester Center,Suffolk,02124
Dorchester,Suffolk,02125
Mattapan,Suffolk,02126
South Boston,Suffolk,02127
East Boston,Suffolk,02128
Charlestown,Suffolk,02129
Jamaica Plain,Suffolk,02130
Roslindale,Suffolk,02131
West Roxbury,Suffolk,02132
Boston,Suffolk,02133
Allston,Suffolk,02134
Brighton,Suffolk,02135
Hyde Park,Suffolk,02136
Readville,Suffolk,02137
Cambridge,Middlesex,02138
Cambridge,Middlesex,02139
Cambridge,Middlesex,02140
Cambridge,Middlesex,02141
Cambridge,Middlesex,02142
Somerville,Middlesex,02143
Somerville,Middlesex,02144
Somerville,Middlesex,02145
Malden,Middlesex,02148
Everett,Middlesex,02149
Chelsea,Suffolk,02150
Revere,Suffolk,02151
Winthrop,Suffolk,02152
Medford,Middlesex,02153
Medford,Middlesex,02155
West Medford,Middlesex,02156
Boston,Suffolk,02163
Quincy,Norfolk,02169
Quincy,Norfolk,02170
Quincy,Norfolk,02171
Melrose,Middlesex,02176
Stoneham,Middlesex,02180
Braintree,Norfolk,02184
Braintree,Norfolk,02185
Milton,Norfolk,02186
Milton Village,Norfolk,02187
Weymouth,Norfolk,02188
East Weymouth,Norfolk,02189
South Weymouth,Norfolk,02190
North Weymouth,Norfolk,02191
Boston,Suffolk,02196
Boston,Suffolk,02199
Boston,Suffolk,02201
Boston,Suffolk,02203
Boston,Suffolk,02204
Boston,Suffolk,02205
Boston,Suffolk,02206
Boston,Suffolk,02210
Boston,Suffolk,02211
Boston,Suffolk,02212
Boston,Suffolk,02215
Boston,Suffolk,02217
Boston,Suffolk,02222
Cambridge,Middlesex,02238
Boston,Suffolk,02241
Quincy,Norfolk,02269
Boston,Suffolk,02283
Boston,Suffolk,02284
Boston,Suffolk,02293
Boston,Suffolk,02297
Boston,Suffolk,02298
Brockton,Plymouth,02301
Brockton,Plymouth,02302
Brockton,Plymouth,02303
Brockton,Plymouth,02304
Brockton,Plymouth,02305
Avon,Norfolk,02322
Bridgewater,Plymouth,02324
Bridgewater,Plymouth,02325
Bryantville,Plymouth,02327
Carver,Plymouth,02330
Duxbury,Plymouth,02331
Duxbury,Plymouth,02332
East Bridgewater,Plymouth,02333
Easton,Bristol,02334
Elmwood,Plymouth,02337
Halifax,Plymouth,02338
Hanover,Plymouth,02339
Hanson,Plymouth,02341
Holbrook,Norfolk,02343
Middleboro,Plymouth,02344
Manomet,Plymouth,02345
Middleboro,Plymouth,02346
Lakeville,Plymouth,02347
Lakeville,Plymouth,02348
Middleboro,Plymouth,02349
Monponsett,Plymouth,02350
Abington,Plymouth,02351
North Carver,Plymouth,02355
North Easton,Bristol,02356
North Easton,Bristol,02357
North Pembroke,Plymouth,02358
Pembroke,Plymouth,02359
Plymouth,Plymouth,02360
Plymouth,Plymouth,02361
Plymouth,Plymouth,02362
Kingston,Plymouth,02364
South Carver,Plymouth,02366
Plympton,Plymouth,02367
Randolph,Norfolk,02368
Rockland,Plymouth,02370
South Easton,Bristol,02375
West Bridgewater,Plymouth,02379
White Horse Beach,Plymouth,02381
Whitman,Plymouth,02382
Lexington,Middlesex,02420
Lexington,Middlesex,02421
Brookline,Norfolk,02445
Brookline,Norfolk,02446
Brookline Village,Norfolk,02447
Waltham,Middlesex,02451
Waltham,Middlesex,02452
Waltham,Middlesex,02453
Waltham,Middlesex,02454
North Waltham,Middlesex,02455
New Town,Middlesex,02456
Babson Park,Norfolk,02457
Newton,Middlesex,02458
Newton Center,Middlesex,02459
Newtonville,Middlesex,02460
Newton Highlands,Middlesex,02461
Newton Lower Falls,Middlesex,02462
Newton Upper Falls,Middlesex,02464
West Newton,Middlesex,02465
Auburndale,Middlesex,02466
Chestnut Hill,Middlesex,02467
Waban,Middlesex,02468
Watertown,Middlesex,02471
Watertown,Middlesex,02472
Arlington,Middlesex,02474
Arlington Heights,Middlesex,02475
Arlington,Middlesex,02476
Watertown,Middlesex,02477
Belmont,Middlesex,02478
Waverley,Middlesex,02479
Wellesley Hills,Norfolk,02481
Wellesley,Norfolk,02482
Needham,Norfolk,02492
Weston,Middlesex,02493
Needham Heights,Norfolk,02494
Nonantum,Middlesex,02495
Buzzards Bay,Barnstable,02532
Cataumet,Barnstable,02534
Chilmark,Dukes,02535
East Falmouth,Barnstable,02536
East Sandwich,Barnstable,02537
East Wareham,Plymouth,02538
Edgartown,Dukes,02539
Falmouth,Barnstable,02540
Falmouth,Barnstable,02541
Buzzards Bay,Barnstable,02542
Woods Hole,Barnstable,02543
Menemsha,Dukes,02552
Monument Beach,Barnstable,02553
Nantucket,Nantucket,02554
North Falmouth,Barnstable,02556
Oak Bluffs,Dukes,02557
Onset,Plymouth,02558
Pocasset,Barnstable,02559
Sagamore,Barnstable,02561
Sagamore Beach,Barnstable,02562
Sandwich,Barnstable,02563
Siasconset,Nantucket,02564
Vineyard Haven,Dukes,02568
Wareham,Plymouth,02571
West Falmouth,Barnstable,02574
West Tisbury,Dukes,02575
West Wareham,Plymouth,02576
Nantucket,Nantucket,02584
Hyannis,Barnstable,02601
Barnstable,Barnstable,02630
Brewster,Barnstable,02631
Centerville,Barnstable,02632
Chatham,Barnstable,02633
Centerville,Barnstable,02634
Cotuit,Barnstable,02635
Cummaquid,Barnstable,02637
Dennis,Barnstable,02638
Dennis Port,Barnstable,02639
East Dennis,Barnstable,02641
Eastham,Barnstable,02642
East Orleans,Barnstable,02643
Forestdale,Barnstable,02644
Harwich,Barnstable,02645
Harwich Port,Barnstable,02646
Hyannis Port,Barnstable,02647
Marstons Mills,Barnstable,02648
Mashpee,Barnstable,02649
North Chatham,Barnstable,02650
North Eastham,Barnstable,02651
North Truro,Barnstable,02652
Orleans,Barnstable,02653
Osterville,Barnstable,02655
Provincetown,Barnstable,02657
South Chatham,Barnstable,02659
South Dennis,Barnstable,02660
South Harwich,Barnstable,02661
South Orleans,Barnstable,02662
South Wellfleet,Barnstable,02663
South Yarmouth,Barnstable,02664
Truro,Barnstable,02666
Wellfleet,Barnstable,02667
West Barnstable,Barnstable,02668
West Chatham,Barnstable,02669
West Dennis,Barnstable,02670
West Harwich,Barnstable,02671
West Hyannisport,Barnstable,02672
West Yarmouth,Barnstable,02673
Yarmouth Port,Barnstable,02675
Assonet,Bristol,02702
Attleboro,Bristol,02703
Chartley,Bristol,02712
Cuttyhunk,Dukes,02713
Dartmouth,Bristol,02714
Dighton,Bristol,02715
East Freetown,Bristol,02717
East Taunton,Bristol,02718
Fairhaven,Bristol,02719
Fall River,Bristol,02720
Fall River,Bristol,02721
Fall River,Bristol,02722
Fall River,Bristol,02723
Fall River,Bristol,02724
Somerset,Bristol,02725
Somerset,Bristol,02726
Marion,Plymouth,02738
Mattapoisett,Plymouth,02739
New Bedford,Bristol,02740
New Bedford,Bristol,02741
New Bedford,Bristol,02742
Acushnet,Bristol,02743
New Bedford,Bristol,02744
New Bedford,Bristol,02745
New Bedford,Bristol,02746
North Dartmouth,Bristol,02747
South Dartmouth,Bristol,02748
North Attleboro,Bristol,02760
North Attleboro,Bristol,02761
Plainville,Norfolk,02762
Attleboro Falls,Bristol,02763
North Dighton,Bristol,02764
Norton,Bristol,02766
Raynham,Bristol,02767
Raynham Center,Bristol,02768
Rehoboth,Bristol,02769
Rochester,Plymouth,02770
Seekonk,Bristol,02771
Swansea,Bristol,02777
Berkley,Bristol,02779
Taunton,Bristol,02780
Westport,Bristol,02790
Westport Point,Bristol,02791
Andover,Essex,05501
